Row,"beta_{AUS,b}","beta_{AUS,d}"
Coeff Estimate,-0.0491744956674199,0.683115342675718
T Stat,-0.469420088549116,0.306830725909171
