Row,"beta_{AUS,b}","beta_{AUS,d}"
Coeff Estimate,-0.0491744956674199,0.683115342675718
T Stat,-0.472552503148094,0.282787787479642
